accuracy,precision,sensitivity,specifity,kappa,f1,auc,final score
0.8152866242038217,0.389937106918239,0.4460431654676259,0.8792029887920298,0.3069839417539766,0.8152866242038217,0.8261793118431779,0.6494832926003254
