accuracy,precision,sensitivity,specifity,kappa,f1,auc,final score
0.5859872611464968,0.3811881188118812,0.5238095238095238,0.6141975308641975,0.125210732348487,0.5859872611464968,0.6170949861426052,0.442764326545863
0.6645435244161358,0.5,0.4873417721518987,0.7539936102236422,0.24285772423897123,0.6645435244161358,0.7086989930035993,0.5387000805529021
0.8789808917197452,0.10526315789473684,0.14814814814814814,0.9234234234234234,0.060077722928263744,0.8789808917197452,0.7193026359693027,0.5527870835391039
0.9723991507430998,0.7666666666666667,0.7931034482758621,0.9841628959276018,0.7649429920534377,0.9723991507430998,0.9876735840224684,0.9083385756063352
0.940552016985138,0.3333333333333333,0.12,0.9865470852017937,0.15265998457979946,0.9405520169851379,0.7203587443946189,0.6045235819865188
0.9596602972399151,0.0,0.0,0.9934065934065934,-0.010843781768892002,0.9596602972399151,0.6043956043956045,0.5177373732888758
0.9723991507430998,0.7777777777777778,0.6086956521739131,0.9910714285714286,0.6687226099659146,0.9723991507430998,0.9674883540372671,0.8695367049154271
0.5477707006369427,0.27472527472527475,0.3816793893129771,0.611764705882353,-0.0058552822867683485,0.5477707006369427,0.504243376740009,0.3487195983633944
