accuracy,precision,sensitivity,specifity,kappa,f1,auc,final score
0.6687898089171974,0.46511627906976744,0.40816326530612246,0.7870370370370371,0.20195503421309868,0.6687898089171974,0.6823087259595196,0.5176845230299386
0.7006369426751592,0.7073170731707317,0.18354430379746836,0.9616613418530351,0.1778069404380177,0.7006369426751592,0.6954139200064707,0.5246192677065492
0.9256900212314225,0.3,0.2222222222222222,0.9684684684684685,0.21712494657358594,0.9256900212314225,0.6776359693026359,0.6068169790358815
0.9808917197452229,0.8571428571428571,0.8275862068965517,0.9909502262443439,0.8319391031994607,0.9808917197452229,0.9875955687314714,0.9334754638920516
0.9235668789808917,0.3333333333333333,0.44,0.9506726457399103,0.33941093969144465,0.9235668789808917,0.8152914798206278,0.6927564328309881
0.9384288747346072,0.11764705882352941,0.125,0.967032967032967,0.08933928928595236,0.9384288747346072,0.7450549450549451,0.5909410363585016
0.970276008492569,0.6666666666666666,0.782608695652174,0.9799107142857143,0.7044109736417429,0.970276008492569,0.9891789596273293,0.8879553139205472
0.6751592356687898,0.3942307692307692,0.31297709923664124,0.8147058823529412,0.1363184198856623,0.6751592356687898,0.6075886843286933,0.47302211329438176
