accuracy,precision,sensitivity,specifity,kappa,f1,auc,final score
0.8479299363057324,0.47869674185463656,0.3435251798561151,0.9352428393524284,0.3156153003469052,0.8479299363057324,0.784504152593243,0.6493497964152936
