accuracy,precision,sensitivity,specifity,kappa,f1,auc,final score
0.8335987261146497,0.4440944881889764,0.5071942446043165,0.8900996264009963,0.3752496318987255,0.8335987261146497,0.8288712740890726,0.6792398773674826
