accuracy,precision,sensitivity,specifity,kappa,f1,auc,final score
0.5987261146496815,0.4186046511627907,0.7346938775510204,0.5370370370370371,0.22526826975796976,0.5987261146496815,0.6908961115310321,0.5049634986462278
0.7261146496815286,0.6494845360824743,0.3987341772151899,0.8913738019169329,0.32077180195186306,0.7261146496815287,0.7581590973429855,0.6016818496587925
0.832271762208068,0.1388888888888889,0.37037037037037035,0.8603603603603603,0.12943075735242515,0.832271762208068,0.6622455789122456,0.5413160328242462
0.9830148619957537,0.8387096774193549,0.896551724137931,0.9886877828054299,0.8576071347592774,0.9830148619957537,0.9873225152129816,0.9426481706560041
0.9447983014861996,0.48148148148148145,0.52,0.968609865470852,0.4708322530464091,0.9447983014861996,0.7958744394618834,0.7371683313314974
0.9660297239915074,0,0.0,1.0,0.0,0.9660297239915074,0.6903846153846154,0.5521381131253743
0.9808917197452229,0.7916666666666666,0.8260869565217391,0.9888392857142857,0.7984595635430038,0.9808917197452229,0.9907317546583851,0.9233610126488706
0.6369426751592356,0.3412698412698413,0.3282442748091603,0.7558823529411764,0.08512523428181973,0.6369426751592356,0.5559497081275258,0.4260058725228604
