accuracy,precision,sensitivity,specifity,kappa,f1,auc,final score
0.8514784946236559,0.4939271255060729,0.33394160583941607,0.9408890290037831,0.31734662967922966,0.8514784946236559,0.8370326350088825,0.6686192531039227
