accuracy,precision,sensitivity,specifity,kappa,f1,auc,final score
0.6483870967741936,0.4332493702770781,0.6277372262773723,0.6570121951219512,0.25183406564749533,0.6483870967741936,0.7112560085454869,0.5371590569890586
0.6860215053763441,0.6708860759493671,0.16614420062695925,0.9574468085106383,0.1506796189380054,0.6860215053763441,0.726072167011272,0.5209244304418738
0.9333333333333333,0.35135135135135137,0.2549019607843137,0.9726962457337884,0.26139420490354315,0.9333333333333333,0.6846237926342323,0.626450443623703
0.967741935483871,0.7966101694915254,0.7230769230769231,0.9861271676300578,0.7408267533673943,0.967741935483871,0.9478701645175635,0.8854796177896097
0.9397849462365592,0.3888888888888889,0.2916666666666667,0.9750566893424036,0.3024750883960141,0.9397849462365592,0.7476615646258503,0.6633071997528078
0.967741935483871,0,0.0,1.0,0.0,0.967741935483871,0.7058518518518518,0.5578645957785743
0.9494623655913978,0.4927536231884058,0.7391304347826086,0.9604072398190046,0.5655155961114093,0.9494623655913978,0.9396517804446193,0.8182099140491421
0.7193548387096774,0.515625,0.12547528517110265,0.9535232383808095,0.1024825658356937,0.7193548387096774,0.6211171980549649,0.4809848675334454
