accuracy,precision,sensitivity,specifity,kappa,f1,auc,final score
0.843010752688172,0.4539641943734015,0.3239051094890511,0.9326923076923077,0.29109192101663406,0.8430107526881719,0.7509024850194679,0.6283350529080913
