accuracy,precision,sensitivity,specifity,kappa,f1,auc,final score
0.6806451612903226,0.4541832669322709,0.41605839416058393,0.7911585365853658,0.2124082554419422,0.6806451612903226,0.7027021764286986,0.5319185310536545
0.6870967741935484,0.6555555555555556,0.18495297805642633,0.9492635024549918,0.16200650255457505,0.6870967741935484,0.6427922774217713,0.4972985180566316
0.9344086021505377,0.375,0.29411764705882354,0.9715585893060296,0.2957169459962756,0.9344086021505377,0.7623190345535256,0.6641481942334463
0.9709677419354839,0.796875,0.7846153846153846,0.9849710982658959,0.7751007613076578,0.9709677419354839,0.964268563806136,0.9034456890164259
0.9043010752688172,0.25882352941176473,0.4583333333333333,0.9285714285714286,0.28356271098415997,0.9043010752688172,0.7024400037792895,0.6301012633440889
0.9161290322580645,0.16666666666666666,0.4,0.9333333333333333,0.19880715705765395,0.9161290322580645,0.7637037037037038,0.6262132976731407
0.956989247311828,0.5517241379310345,0.6956521739130435,0.9705882352941176,0.5929265516939508,0.956989247311828,0.9585382648042495,0.8361513546033428
0.6935483870967742,0.4098360655737705,0.19011406844106463,0.8920539730134932,0.09809512791022124,0.6935483870967742,0.5748741598782359,0.45550589162841043
