accuracy,precision,sensitivity,specifity,kappa,f1,auc,final score
0.6666666666666666,0.45384615384615384,0.6459854014598541,0.6753048780487805,0.286032689450223,0.6666666666666666,0.7172895896385971,0.5566629819184956
0.6526881720430108,0.494475138121547,0.5611285266457681,0.7004909983633388,0.2534557401820198,0.6526881720430108,0.6766593641135094,0.5276010921128466
0.9193548387096774,0.26,0.2549019607843137,0.9579067121729238,0.21479229989868287,0.9193548387096774,0.7257132659662273,0.6199534681915292
0.9623655913978495,0.8409090909090909,0.5692307692307692,0.991907514450867,0.6596968112911656,0.9623655913978495,0.9489017341040463,0.8569880455976872
0.9290322580645162,0.21875,0.14583333333333334,0.971655328798186,0.13946837146702562,0.9290322580645162,0.5783021541950113,0.5489342612421844
0.9655913978494624,0.0,0.0,0.9977777777777778,-0.004048582995951566,0.9655913978494624,0.6539259259259259,0.5384895802598123
0.9494623655913978,0.49019607843137253,0.5434782608695652,0.9705882352941176,0.488879534133165,0.9494623655913978,0.8612654928192012,0.7665357975145879
0.5989247311827957,0.3544973544973545,0.5095057034220533,0.6341829085457271,0.12688584502469158,0.5989247311827957,0.5862011959799567,0.4373372573958146
