accuracy,precision,sensitivity,specifity,kappa,f1,auc,final score
0.8305107526881721,0.4369747899159664,0.5218978102189781,0.8838272383354351,0.37553781075877113,0.8305107526881721,0.8239821263381228,0.6766768965950222
